Samples,Endomicrobium proavitum,Bacteroides pyogenes,Proteiniphilum acetatigenes,Proteiniphilum saccharofermentans,Petrimonas mucosa,Porphyromonas catoniae,Porphyromonas gingivalis,Porphyromonas sp. KLE 1280,Porphyromonas sp. oral taxon 278,Prevotella buccae,Prevotella intermedia,Prevotella loescheii,Prevotella micans,Prevotella saccharolytica,Prevotella sp. oral taxon 317,Prevotella sp. oral taxon 472,Tannerella forsythia,Phocaeicola abscessus,Capnocytophaga granulosa,Capnocytophaga ochracea,Capnocytophaga sp. ChDC OS43,Capnocytophaga sp. oral taxon 326,Capnocytophaga sp. oral taxon 329,Capnocytophaga sp. oral taxon 332,Capnocytophaga sp. oral taxon 338,Capnocytophaga sp. oral taxon 863,Chryseobacterium bovis,Pedobacter cryoconitis,Bacteroidetes oral taxon 274,Fusobacterium hwasookii,Fusobacterium nucleatum,Fusobacterium periodonticum,Leptotrichia buccalis,Leptotrichia goodfellowii,Leptotrichia hofstadii,Leptotrichia sp. oral taxon 212,Leptotrichia sp. oral taxon 215,Leptotrichia sp. oral taxon 225,Leptotrichia sp. oral taxon 879,Rhodobacter sphaeroides,Altererythrobacter dongtanensis,Altererythrobacter marensis,Porphyrobacter cryptus,Porphyrobacter sp. AAP82,Sphingomonas sp. IBVSS2,Sphingomonas sp. SKA58,Sphingomonas sp. Y57,Sphingopyxis macrogoltabida,Burkholderia multivorans,Burkholderia sp. K24,Cupriavidus gilardii,Cupriavidus necator,Lautropia mirabilis,Ralstonia sp. MD27,Alicycliphilus denitrificans,Comamonas serinivorans,Comamonas testosteroni,Hydrogenophaga sp. RAC07,Ottowia sp. oral taxon 894,Polaromonas sp. JS666,Serpentinomonas mccroryi,Serpentinomonas raichei,Janthinobacterium sp. 1_2014MBL_MicDiv,Rubrivivax gelatinosus,Chromobacterium violaceum,Eikenella corrodens,Kingella denitrificans,Morococcus cerebrosus,Neisseria bacilliformis,Neisseria elongata,Neisseria gonorrhoeae,Neisseria meningitidis,Neisseria sicca,Neisseria sp. HMSC064E01,Neisseria sp. HMSC072F04,Neisseria sp. HMSC077D05,Neisseria sp. oral taxon 014,Neisseria sp. oral taxon 020,Dechloromonas agitata,Candidatus Profftella armatura,Betaproteobacteria bacterium GR16-43,Desulfobulbus elongatus,Desulfobulbus propionicus,Desulfomicrobium orale,Campylobacter concisus,Campylobacter curvus,Campylobacter gracilis,Cardiobacterium hominis,Cardiobacterium valvarum,Thioalkalivibrio sp. ALJ24,Citrobacter freundii,Citrobacter sp. MGH109,Escherichia coli,Raoultella ornithinolytica,Aggregatibacter aphrophilus,Aggregatibacter segnis,Haemophilus parainfluenzae,Acinetobacter venetianus,Acinetobacter sp. CIP 102129,Acinetobacter sp. TTH0-4,Pseudomonas aeruginosa,Pseudomonas mendocina,Pseudomonas azotifigens,Pseudomonas bauzanensis,Pseudomonas azotoformans,Pseudomonas fluorescens,Pseudomonas veronii,Pseudomonas stutzeri,Pseudomonas sp. HMSC08G10,Pseudomonas sp. MRSN12121,Dyella jiangningensis,Rhodanobacter sp. Soil772,Silanimonas lenta,Stenotrophomonas maltophilia,Chlamydia psittaci,Treponema denticola,Treponema lecithinolyticum,Treponema maltophilum,Treponema putidum,Treponema socranskii,Aminomonas paucivorans,Cloacibacillus evryensis,Cloacibacillus porcorum,Fretibacterium fastidiosum,Jonquetella anthropi,Thermanaerovibrio acidaminovorans,Actinobaculum sp. oral taxon 183,Actinomyces dentalis,Actinomyces gerencseriae,Actinomyces glycerinitolerans,Actinomyces israelii,Actinomyces massiliensis,Actinomyces naeslundii,Actinomyces oris,Actinomyces provencensis,Actinomyces radicidentis,Actinomyces sp. HPA0247,Actinomyces sp. oral taxon 170,Actinomyces sp. oral taxon 180,Actinomyces sp. oral taxon 414,Actinomyces sp. oral taxon 848,Actinomyces sp. oral taxon 849,Mobiluncus curtisii,Schaalia cardiffensis,Schaalia georgiae,Schaalia meyeri,Schaalia odontolytica,Schaalia turicensis,Corynebacterium durum,Corynebacterium matruchotii,Cryocola sp. 340MFSha3.1,Leifsonia aquatica,Microbacterium sp. PAMC 28756,Rothia aeria,Nocardioides sp. J54,Acidipropionibacterium acidipropionici,Cutibacterium acnes,Propionibacterium freudenreichii,Propionibacterium sp. oral taxon 192,Streptomyces vitaminophilus,Atopobium parvulum,Olsenella uli,Olsenella sp. kh2p3,Olsenella sp. oral taxon 807,Coriobacteriaceae bacterium 68-1-3,Eggerthella lenta,Gordonibacter massiliensis,Gordonibacter pamelaeae,Slackia exigua,Anaerolineaceae bacterium oral taxon 439,Limnoraphis robusta,Bacillus thermoamylovorans,Gemella morbillorum,Abiotrophia defectiva,Abiotrophia sp. HMSC24B09,Granulicatella adiacens,Streptococcus anginosus,Streptococcus cristatus,Streptococcus gordonii,Streptococcus mitis,Streptococcus oralis,Streptococcus pneumoniae,Streptococcus sanguinis,Streptococcus sp. DD04,Clostridium botulinum,Clostridium homopropionicum,[Eubacterium] brachy,[Eubacterium] infirmum,[Eubacterium] saphenum,[Eubacterium] sulci,Anaerovorax odorimutans,Eubacterium sp. 3_1_31,Pseudoramibacter alactolyticus,Catonella morbi,Johnsonella ignava,Lachnoanaerobaculum saburreum,Lachnoanaerobaculum sp. OBRC5-5,Oribacterium sp. oral taxon 078,Lachnospiraceae bacterium oral taxon 500,Clostridioides difficile,Filifactor alocis,Peptoanaerobacter stomatis,Peptostreptococcus anaerobius,Peptostreptococcaceae bacterium oral taxon 113,Ruminococcus flavefaciens,Eggerthia catenaformis,Solobacterium moorei,Centipeda periodontii,Selenomonas noxia,Selenomonas ruminantium,Selenomonas sputigena,Selenomonas sp. oral taxon 126,Selenomonas sp. oral taxon 892,Selenomonas sp. oral taxon 920,Anaeroglobus geminatus,Dialister invisus,Veillonella parvula,Murdochiella vaginalis,Parvimonas micra,Parvimonas sp. KA00067,Peptoniphilus sp. oral taxon 386,Candidatus Saccharibacteria oral taxon TM7x,bacterium,Candidatus Methanomethylophilus alvus,Thermoplasmatales archaeon BRNA1,Methanobrevibacter millerae,Methanobrevibacter olleyae,Methanobrevibacter oralis,Methanobrevibacter ruminantium,Methanobrevibacter smithii,Methanobrevibacter wolinii,Methanobrevibacter sp. YE315
8809_AndrewDecon_Group5_EDTA_EtOH_wash_Crushing,0,0,0,0,0,1577,0,1570,504,0,0,0,0,0,0,0,3135,1179,4653,800,7109,881,5911,654,1451,1326,0,0,8531,5925,1001,0,771,0,0,7951,0,0,0,0,0,0,0,0,0,0,0,0,0,0,0,0,20903,0,0,0,0,0,45290,0,0,0,0,0,0,4375,2449,698,498,14565,509,4863,12026,745,1830,714,4357,0,0,0,0,0,0,4337,497,519,2698,1134,3844,0,0,0,0,0,923,764,604,0,0,0,0,0,0,0,0,0,0,0,0,0,0,0,0,0,0,2027,0,903,0,2281,0,0,0,7771,0,0,0,3984,0,0,0,0,0,2043,0,511,0,0,0,13111,0,0,0,905,0,0,659,0,735,4058,0,0,0,2757,0,0,0,0,0,0,0,0,0,16703,0,0,0,0,0,3656,0,0,634,1645,3078,1575,0,0,672,860,4349,0,31833,2914,0,0,0,0,1489,0,0,0,0,0,784,0,0,0,1052,0,553,0,0,2970,0,0,0,0,0,0,631,0,834,0,0,0,0,0,534,0,0,1617,0,0,0,0,0,0,0,0,0,0
8810_AndrewDecon_Group5_EDTA_EtOH_wash_Crushing,0,0,0,0,0,0,246,0,0,0,0,0,0,0,317,248,2216,0,372,0,368,0,0,0,0,0,0,0,3367,0,0,0,506,0,0,269,0,0,0,0,0,0,0,0,0,0,0,0,0,0,0,0,6236,0,0,0,0,0,4838,0,0,0,0,0,0,233,0,0,0,302,0,0,0,0,0,0,785,0,0,0,0,384,570,6650,0,0,896,668,1971,0,0,0,0,0,0,0,0,0,0,0,0,0,0,0,0,0,0,0,0,0,0,0,0,0,0,1806,0,751,0,1656,332,0,513,8504,223,0,0,6530,587,0,0,1458,1014,463,0,0,0,0,0,18676,325,0,0,1271,466,0,0,0,0,4381,0,0,0,0,0,0,0,0,0,0,0,0,0,29269,0,0,0,0,0,16141,0,0,0,0,0,0,0,0,0,0,0,0,956,350,0,0,502,408,1401,284,335,272,0,767,1069,0,0,0,356,0,468,0,0,1900,0,442,0,0,366,0,365,0,496,0,0,0,0,0,222,0,395,1919,0,379,409,603,0,1488,0,429,0,1527
8811_AndrewDecon_Group5_EDTA_EtOH_wash_Crushing,0,0,0,0,0,0,0,0,0,0,0,0,0,0,0,0,422,0,0,0,0,0,0,0,0,0,0,0,0,0,259,0,0,0,0,0,0,0,0,0,0,0,0,0,0,0,0,0,0,0,0,0,0,0,0,0,0,0,0,0,0,0,0,0,0,0,0,0,0,0,0,0,0,0,0,0,0,0,0,0,210,0,164,1452,0,0,0,0,0,0,0,0,0,0,0,0,0,0,0,0,0,0,0,0,0,0,0,0,0,0,0,0,0,0,0,599,0,198,0,532,194,0,151,3985,0,0,191,7981,515,228,137,0,0,499,0,0,0,0,0,21447,0,0,0,649,0,0,0,0,0,0,0,0,0,0,0,0,0,155,226,0,0,0,0,15838,0,0,0,0,0,18059,0,0,0,0,0,0,0,0,0,0,0,0,0,0,0,0,714,400,1863,251,363,0,194,249,0,0,0,0,0,0,366,0,0,1557,0,927,0,0,0,0,0,0,0,0,0,0,0,0,192,0,414,261,0,0,0,1177,339,2673,0,825,0,2986
8813_AndrewDecon_Group1_EtOH_wash_Crushing,0,0,0,0,0,891,0,0,427,0,0,0,0,442,838,1059,1586,0,10292,459,6185,675,1444,1945,528,1836,0,0,3542,711,0,0,1284,351,480,2729,0,0,332,0,0,0,0,0,0,0,0,0,0,0,0,0,29249,0,370,330,0,0,82639,0,0,0,0,0,0,2186,1138,0,552,6897,0,781,0,0,0,0,0,326,0,0,0,0,0,3357,331,0,452,6270,2154,0,0,0,0,0,358,0,0,0,0,0,456,0,0,0,0,0,0,0,0,0,0,0,0,0,0,447,0,482,0,647,0,0,0,3672,0,0,0,1556,0,0,1265,459,682,2880,0,0,0,0,0,5027,0,0,0,688,0,0,0,0,0,10216,0,0,0,620,0,0,0,0,0,0,0,0,0,4471,0,0,0,0,0,5268,0,0,0,0,477,0,0,515,1342,0,362,0,22246,811,0,0,0,0,0,0,0,0,0,0,0,0,0,0,1229,0,0,0,0,764,0,0,0,0,0,0,0,0,444,0,0,0,0,0,0,0,0,892,0,0,0,0,0,0,0,0,0,0
8816_AndrewDecon_Group1_EtOH_wash_Crushing,0,0,0,0,0,0,2150,0,0,0,0,0,0,0,0,0,13194,1138,0,0,0,0,0,0,0,0,0,0,8390,0,0,0,0,0,0,0,0,0,0,0,0,0,0,0,0,0,0,0,0,0,0,0,0,0,0,0,1650,0,0,1425,0,0,0,0,0,0,0,0,0,0,0,0,0,0,0,0,0,0,0,0,0,1065,1444,36588,0,0,1912,0,0,0,0,0,0,0,0,0,0,3687,0,0,0,0,0,0,0,0,0,0,0,0,0,0,0,0,0,6346,0,3719,0,9342,0,0,0,30564,0,0,39398,60614,75588,1376,1218,987,2736,2710,0,0,0,0,0,149210,0,0,0,4351,1982,4012,0,0,0,16384,0,0,0,0,0,0,0,0,1667,0,0,0,0,88757,0,0,0,0,1128,62595,0,0,0,0,0,0,0,0,0,0,0,0,0,3183,0,0,0,0,2561,0,0,0,0,0,1039,0,0,0,0,0,2154,0,0,10327,0,0,0,0,0,0,1908,0,0,0,0,0,0,0,990,0,0,4387,0,0,0,0,0,1552,0,0,0,1573
8818_AndrewDecon_Group5_EDTA_EtOH_wash_Crushing,277,0,0,0,0,0,767,0,0,0,294,0,0,0,0,291,3439,348,287,584,0,0,0,0,0,0,0,0,5945,0,2224,0,318,0,0,0,0,0,0,0,0,0,0,0,0,0,0,0,0,0,0,0,1051,0,0,0,0,0,3962,0,0,0,0,0,0,916,0,0,0,0,0,0,0,0,0,0,597,0,0,0,0,0,307,21651,0,0,1968,538,3104,0,0,0,0,0,0,0,0,0,0,0,0,0,0,0,0,0,0,0,0,0,0,0,0,0,0,2753,636,1752,0,3530,578,0,0,17669,316,0,745,11834,2267,0,0,1062,0,5062,0,0,0,0,0,30549,1374,0,0,875,717,508,0,0,0,6692,0,0,0,0,0,0,0,0,0,0,0,0,0,35465,0,0,0,0,290,8237,0,0,0,0,0,0,0,0,0,0,0,0,804,665,0,0,525,365,3090,0,0,0,331,665,1409,0,0,0,0,0,1209,0,0,1516,0,0,0,0,738,0,599,0,0,0,0,0,0,0,626,0,0,3018,0,0,0,0,0,0,0,0,0,0
8819_AndrewDecon_Group1_EtOH_wash_Crushing,0,0,0,0,0,536,691,0,0,0,336,0,0,0,340,449,3430,0,1007,346,1471,0,346,0,0,299,0,0,8526,0,489,0,0,0,0,691,0,0,0,0,0,0,0,0,0,0,0,0,0,0,0,0,6161,0,0,0,0,0,20321,0,0,0,0,0,0,1956,378,0,0,1003,0,291,0,0,0,0,0,0,0,0,0,0,0,21520,0,0,1222,2102,3682,0,0,0,0,0,699,0,0,0,0,0,316,0,0,0,0,0,0,0,0,0,0,0,0,0,0,1704,0,1476,0,3550,268,0,0,9955,0,0,0,7462,1217,0,0,0,1057,1926,0,0,0,362,0,20302,0,0,0,1000,343,789,0,0,650,3757,0,0,0,1960,0,0,0,0,0,0,0,0,0,4842,0,0,0,0,0,4871,0,0,0,0,0,0,0,0,0,0,0,0,7581,0,0,0,0,0,1018,0,0,0,0,0,657,0,0,0,0,0,451,0,0,1244,0,0,0,0,0,0,0,0,0,0,0,0,0,0,255,0,0,696,0,0,0,0,0,0,0,0,0,0
8820_AndrewDecon_Group2_UV_EtOH_wash_Crushing,0,0,0,0,0,0,611,0,0,0,0,0,0,0,0,0,2409,434,0,0,0,0,0,0,0,0,0,0,2082,0,0,0,0,0,0,0,0,0,0,0,0,0,0,0,0,0,0,0,0,0,0,0,0,0,0,0,0,0,408,0,0,0,0,0,0,0,0,0,0,0,0,0,0,0,0,0,0,0,0,0,0,579,880,8088,0,0,767,0,0,0,0,0,0,0,0,0,0,0,0,0,0,0,0,0,0,0,0,0,0,0,0,0,0,0,0,2880,0,882,0,3458,514,0,0,16636,400,0,0,9524,781,0,0,366,0,644,0,0,0,0,0,28765,0,0,0,1229,0,0,0,0,0,539,0,0,0,0,0,0,0,0,349,0,0,337,295,64661,0,0,0,0,352,35179,0,0,0,0,0,0,0,0,0,0,0,0,0,293,0,0,581,511,2712,0,284,0,0,463,292,0,0,326,0,0,491,0,0,3470,0,586,0,0,0,0,306,0,0,0,0,0,0,0,285,0,410,3385,0,545,504,293,0,672,0,0,0,651
8825_AndrewDecon_Group2_UV_EtOH_wash_Crushing,0,0,0,0,0,0,427,0,0,0,0,0,0,0,0,0,6946,576,0,0,0,0,0,0,0,0,0,0,0,0,0,0,0,0,0,0,0,0,0,0,0,0,0,0,0,0,0,0,0,0,0,0,0,0,0,0,0,0,0,0,0,0,0,0,0,0,0,0,0,0,0,0,0,0,0,0,0,0,0,0,0,631,885,13297,0,0,0,0,0,0,0,0,0,0,0,0,0,0,0,0,0,0,0,0,0,0,0,0,0,0,0,0,0,0,0,824,0,1457,0,2224,754,0,0,25092,429,320,0,16512,1737,297,306,0,0,0,0,0,0,0,0,35788,0,0,0,520,0,0,0,0,0,0,0,0,0,0,0,0,0,0,0,0,0,354,0,33650,870,400,283,299,1204,19862,0,0,0,0,0,0,0,0,0,0,0,0,0,0,0,0,1489,756,4488,528,612,0,0,0,581,0,0,0,0,0,1066,344,0,2176,0,1209,0,0,0,327,264,0,0,0,0,0,0,0,606,0,557,754,0,0,0,313,0,754,0,0,0,700
8826_AndrewDecon_Group5_EDTA_EtOH_wash_Crushing,0,0,0,0,0,1471,800,0,768,0,759,0,0,842,592,1371,1560,1047,2805,822,7293,904,3861,0,1018,1251,0,0,6545,3331,756,0,1525,0,819,8725,0,718,0,0,0,0,0,0,0,0,0,0,0,0,0,0,28641,0,0,0,0,0,9355,0,0,0,0,0,0,3712,2609,0,0,1819,0,1962,2316,0,678,0,2214,0,0,0,0,0,0,2830,596,601,1993,2018,2345,0,0,0,0,0,3747,906,0,0,0,0,0,0,0,0,0,0,0,0,0,0,0,0,0,0,0,1712,0,625,0,1405,0,0,0,4755,0,0,0,14231,1064,0,0,0,1680,3166,0,0,0,0,0,36796,0,0,0,1049,0,675,0,0,0,14922,0,0,0,2918,0,0,0,0,0,0,0,0,0,55186,0,0,0,0,0,9023,0,0,780,1566,2224,0,0,541,685,0,3711,0,24709,7923,0,0,0,0,800,0,0,0,0,745,1688,0,0,0,1355,0,0,638,0,1258,0,0,0,0,828,0,0,579,1359,0,0,0,0,0,1334,0,0,2102,0,0,0,770,0,1553,0,0,0,1856
8827_AndrewDecon_Group2_UV_EtOH_wash_Crushing,0,0,0,0,0,0,334,0,0,0,0,0,0,0,0,0,1808,0,0,0,0,0,0,0,0,0,0,0,0,0,0,0,0,0,0,0,0,0,0,0,0,0,0,0,0,0,0,0,0,0,0,0,0,0,0,0,0,242,0,322,3516,274,0,0,0,0,0,0,0,0,0,0,0,0,0,0,0,0,0,0,0,272,367,13124,0,0,0,0,0,0,0,0,0,0,0,0,0,0,0,0,0,0,0,0,0,0,0,0,0,0,0,0,650,0,0,1154,0,957,0,1211,607,294,246,17861,301,0,0,9444,1200,331,235,0,0,0,368,0,0,0,0,21387,0,0,0,4757,0,1086,0,280,0,0,0,0,0,0,0,0,0,0,0,0,0,0,0,1588,484,0,0,0,301,59713,0,0,0,0,0,0,0,0,0,0,0,0,0,0,0,0,870,1031,1684,751,539,0,249,441,384,0,0,266,0,0,500,0,0,2057,0,1372,0,0,0,0,0,0,0,0,0,0,0,0,300,0,551,1751,0,0,0,0,0,358,0,0,0,445
8829_AndrewDecon_Group3_Bleach_EtOH_wash_Crushing,0,0,0,0,0,0,317,0,0,0,0,0,0,380,348,453,3896,802,866,276,774,0,0,0,0,0,0,0,5546,0,387,0,468,0,0,370,0,0,0,0,0,0,0,0,0,0,0,0,0,0,0,0,713,0,0,0,0,0,7531,0,0,0,0,0,0,535,0,0,0,0,0,0,0,0,0,0,1241,0,0,0,0,0,0,12553,0,0,1627,1184,3486,0,0,0,0,0,0,0,0,0,0,0,0,0,0,0,0,0,0,0,0,0,0,0,0,0,0,2520,0,804,0,2638,285,0,0,8223,0,0,0,4857,2829,0,0,3834,869,1182,0,0,0,268,0,12322,862,0,0,515,402,0,0,0,473,19777,0,0,0,0,0,0,0,0,0,0,0,0,0,58428,0,0,0,0,308,16605,0,0,0,0,0,0,0,0,0,0,0,0,443,365,0,0,403,362,1698,0,0,0,0,664,1035,0,0,0,0,0,1009,0,0,1317,0,528,0,0,514,0,0,0,0,285,0,0,0,0,0,0,348,3226,0,0,0,265,0,525,0,0,0,605
8831_AndrewDecon_Group3_Bleach_EtOH_wash_Crushing,0,0,0,0,0,0,2047,0,0,0,0,0,0,0,0,0,10521,0,0,0,0,0,0,0,0,0,0,0,6832,0,0,0,0,0,0,0,0,0,0,0,0,0,0,0,0,0,0,0,0,0,0,0,505,0,0,0,0,0,1135,0,0,0,0,0,0,339,0,0,0,0,0,0,0,0,0,0,0,0,0,0,0,0,0,47017,0,0,1249,0,1219,0,0,0,0,0,0,0,0,0,0,0,0,0,0,0,0,0,0,0,0,0,0,0,0,0,0,3089,0,1768,0,4645,669,0,0,21904,417,334,536,13433,5242,0,0,334,0,0,0,0,0,0,0,37731,0,0,0,1786,0,0,0,0,0,1583,0,0,0,0,0,0,0,0,0,0,0,0,0,30548,0,0,0,0,0,25270,0,0,0,0,0,0,0,0,0,0,0,0,0,0,0,0,329,0,1932,0,0,0,0,0,967,0,0,0,0,0,958,0,0,14316,0,0,0,0,0,0,322,0,0,0,0,0,0,0,0,0,0,3428,0,0,0,0,0,0,0,0,0,0
8833_AndrewDecon_Group1_EtOH_wash_Crushing,0,0,0,0,0,0,553,0,0,0,0,0,0,0,0,0,753,0,0,0,0,0,0,0,0,0,0,0,1618,0,0,0,0,0,0,0,0,0,0,0,0,0,0,0,0,0,0,0,0,0,0,0,0,0,0,0,0,0,0,0,0,0,0,0,0,0,0,0,0,0,0,0,0,0,0,0,0,0,0,0,0,0,0,16986,0,0,136,0,0,0,0,0,0,0,0,0,0,0,0,0,0,0,0,0,0,0,0,0,0,0,0,0,0,0,0,1115,118,674,0,1252,159,0,0,6592,0,0,144,2748,848,0,0,0,0,165,0,0,0,0,0,7133,0,0,0,1480,184,288,0,0,0,136,0,0,0,0,0,0,0,0,0,0,0,0,0,10756,0,0,0,0,341,11204,0,0,0,0,0,0,0,0,0,0,0,0,0,0,0,0,332,111,1739,0,0,0,0,134,266,0,0,0,0,0,712,0,0,598,0,0,0,0,0,0,0,0,0,0,0,0,0,0,102,0,0,1224,0,0,0,0,0,0,0,0,0,0
8834_AndrewDecon_Group3_Bleach_EtOH_wash_Crushing,0,0,0,0,0,2124,565,2614,652,0,755,1377,460,948,404,3698,2194,0,2141,332,4105,500,2054,0,473,686,0,0,4480,4653,1198,636,397,0,317,6159,491,0,0,0,0,0,0,0,0,0,0,0,0,0,0,0,19485,0,0,0,0,0,913,0,0,0,0,0,0,2955,476,0,0,1018,0,1835,4905,403,514,0,2331,0,0,0,0,0,0,3209,404,0,470,1294,839,0,0,0,0,0,6315,780,0,0,0,0,0,0,0,0,0,0,0,0,0,0,0,0,0,0,0,724,0,424,0,894,0,0,0,4293,0,0,0,1954,0,0,0,572,916,1661,0,0,556,323,0,5122,0,0,0,552,0,407,2736,0,0,890,0,0,0,698,0,0,0,0,0,0,0,0,0,8334,0,0,0,0,0,2857,0,0,3026,950,2605,0,0,0,1326,2009,8697,476,19447,809,0,0,0,0,1701,0,0,0,0,797,945,451,542,0,1849,0,689,457,0,1655,0,0,0,0,337,0,0,0,1618,0,0,0,433,0,980,0,0,1358,0,0,0,342,0,684,0,0,0,680
8840_AndrewDecon_Group1_EtOH_wash_Crushing,0,290,525,904,700,0,0,0,0,0,0,0,0,0,0,0,1470,0,0,0,0,0,0,0,0,0,0,0,0,0,0,0,0,0,0,0,0,0,0,0,0,0,0,0,0,0,0,0,0,0,0,0,0,0,0,0,0,0,0,0,0,0,0,0,0,0,0,0,0,0,0,0,0,0,0,0,0,0,0,0,0,0,251,10750,0,0,0,0,0,0,0,0,0,0,0,0,0,0,0,0,0,0,0,0,0,0,0,0,0,0,0,482,0,0,0,561,0,358,0,1090,634,0,535,12415,310,253,0,1172,0,0,0,0,0,0,0,0,0,0,0,3474,0,0,302,0,0,0,0,0,0,0,0,0,0,0,0,0,0,0,0,0,0,0,0,18774,0,0,0,0,0,18648,0,0,0,0,0,0,0,0,0,0,0,0,0,0,409,0,1992,1072,6130,876,1046,0,678,1490,0,0,0,0,0,360,1951,426,0,8938,328,1877,0,0,0,0,0,0,0,0,0,0,0,0,369,0,1378,1612,0,0,0,5041,1478,9343,274,3035,390,11253
8843_AndrewDecon_Group2_UV_EtOH_wash_Crushing,0,0,0,0,0,0,1811,0,0,0,0,0,0,0,0,0,10147,970,0,0,0,0,0,0,0,0,0,0,3502,0,337,0,0,0,0,0,0,0,0,0,0,0,0,0,0,0,0,0,0,0,0,0,476,0,0,0,0,0,425,0,0,0,0,0,0,315,0,0,0,0,0,0,0,0,0,0,0,0,0,0,0,518,797,26815,0,0,1505,0,585,0,0,0,0,0,0,0,0,0,0,0,0,0,0,0,0,0,0,0,0,0,0,0,0,0,0,3917,456,2088,0,4115,672,0,419,23912,409,314,485,7719,1619,0,0,320,0,670,0,0,0,0,0,21973,484,0,0,574,716,453,0,0,0,3280,0,0,0,0,0,0,0,0,0,0,0,324,0,57767,359,0,0,0,538,13351,0,0,0,0,0,0,0,0,0,0,0,0,0,479,0,0,536,505,4231,0,0,0,0,733,1373,367,0,0,0,0,2998,0,0,2397,0,388,0,0,456,0,1599,469,0,0,0,0,0,0,0,0,337,1352,0,0,0,340,0,712,0,0,0,776
8844_AndrewDecon_Group2_UV_EtOH_wash_Crushing,847,406,556,901,890,0,782,0,0,0,0,0,0,369,0,0,5438,914,0,0,0,0,0,0,0,0,0,0,7915,0,0,0,0,0,0,0,0,0,0,0,0,0,0,0,0,0,0,0,0,0,0,0,0,0,0,0,0,0,0,0,0,0,0,0,0,0,0,0,0,0,0,0,0,0,0,0,0,0,0,0,0,421,684,10335,0,0,2007,0,0,0,0,0,0,0,0,0,0,0,0,0,0,0,0,0,0,0,0,0,0,0,0,0,0,0,0,3277,0,2027,0,11132,755,0,396,23625,430,0,452,11862,1211,0,0,0,0,656,0,0,0,0,0,39757,0,0,0,1024,0,0,0,0,0,3025,0,0,0,0,0,0,0,0,0,0,0,0,0,71360,0,0,0,0,765,18900,0,0,0,0,0,0,0,0,0,0,0,0,0,510,0,0,1251,1147,2454,726,821,0,0,540,0,0,0,978,0,0,1160,0,0,2625,0,1442,0,0,637,552,3431,0,0,406,0,0,0,387,0,0,1059,1470,391,545,548,0,0,629,0,0,0,674
8855_AndrewDecon_Group3_Bleach_EtOH_wash_Crushing,0,0,0,0,0,537,753,375,330,0,568,293,0,0,498,955,2610,0,935,587,2340,318,496,0,292,290,0,0,10311,488,386,0,0,0,0,1436,0,0,0,0,0,0,0,0,0,0,0,0,0,0,0,0,15825,0,0,0,0,0,15546,0,0,0,0,0,0,1285,2159,0,0,3309,0,1251,0,0,0,0,2093,0,0,0,0,0,0,6259,0,0,1624,1442,4174,0,0,0,0,0,3879,0,316,0,0,0,0,0,0,0,0,0,0,0,0,0,0,0,0,0,0,1446,0,811,0,1854,0,0,0,5153,0,0,0,7433,876,0,0,649,1096,3995,0,0,0,437,0,21394,0,0,0,623,450,796,0,0,3859,12111,0,0,0,5969,0,0,0,0,0,0,0,0,0,15929,0,0,0,0,0,2642,0,0,0,790,737,0,0,0,0,0,412,0,12427,0,0,0,0,0,0,0,0,0,0,434,827,0,0,0,504,0,398,0,0,3731,0,0,0,0,0,0,0,0,0,0,0,0,0,0,323,0,0,1594,0,0,0,0,0,0,0,0,0,0
8856_AndrewDecon_Group3_Bleach_EtOH_wash_Crushing,0,0,0,0,0,0,516,0,0,416,0,0,0,0,0,0,2354,3339,0,0,0,0,0,0,0,0,0,0,5413,0,0,0,0,0,0,0,0,0,0,0,0,0,0,0,0,0,0,0,0,0,0,0,811,0,0,0,0,0,3986,0,0,0,0,0,0,359,0,0,0,0,0,0,0,0,0,0,0,0,0,0,0,0,470,0,827,991,1572,0,450,0,0,0,0,0,0,525,0,0,0,0,0,0,0,0,0,0,0,0,0,0,0,0,0,0,0,420,0,1991,401,1765,0,0,0,11026,0,0,0,4778,463,0,3868,350,570,2171,0,470,476,0,449,15164,0,0,0,411,0,0,1920,0,0,0,0,0,0,0,0,0,0,0,0,0,1310,2431,0,42357,0,0,0,0,2010,18597,0,0,932,450,0,0,1039,2265,2925,0,3473,612,4539,37601,0,0,0,730,0,1151,0,0,3358,2990,1525,619,667,375,370,0,0,0,354,461,0,328,1419,367,0,0,3585,370,848,0,368,1801,0,0,7410,394,0,6403,0,0,0,0,0,597,0,0,0,610
8857_AndrewDecon_Group3_Bleach_EtOH_wash_Crushing,0,0,0,0,0,418,694,0,660,0,1100,893,0,863,945,2825,7149,0,878,622,2168,0,0,0,0,0,0,0,9204,0,593,0,743,0,0,1486,0,0,0,0,0,0,0,0,0,0,0,0,0,0,0,0,26570,0,0,0,0,0,1645,0,0,0,0,0,0,1955,0,0,0,1147,0,0,0,0,0,0,3573,0,0,0,0,446,696,0,0,0,3174,2139,4863,0,0,0,0,0,922,0,0,0,0,0,0,0,0,0,0,0,0,0,0,0,0,0,0,0,0,2096,0,1245,0,2218,0,0,0,11045,0,0,0,14070,1288,0,0,7434,4551,1573,0,0,0,0,0,41190,0,424,0,507,619,0,544,0,0,44949,0,0,0,0,0,0,0,0,1089,0,0,0,0,17777,0,0,0,0,0,3901,0,0,1344,648,1854,0,0,0,881,0,543,0,10922,1318,0,0,595,0,990,0,0,0,0,2470,1981,0,0,0,680,0,712,0,0,2737,0,0,0,0,1075,0,0,0,1031,0,0,0,0,0,1315,0,0,3067,0,0,0,0,0,0,0,0,0,0
NegativeControl_AndrewDecon,0,0,0,0,0,0,0,0,0,0,0,0,0,0,0,0,0,0,0,0,0,0,0,0,0,0,17,20,0,0,0,0,0,0,0,0,0,0,0,35,52,61,35,30,302,18,16,33,33,170,82,24,0,477,0,0,0,0,0,0,0,0,219,47,19,0,0,0,0,0,0,0,0,0,0,0,0,0,18,26,0,0,0,0,0,0,0,0,0,30,554,38,158,19,0,0,0,40,14,25,1057,28,707,19,14,727,123,981,45,16,67,0,0,311,32,0,0,0,0,0,0,0,0,0,0,0,0,0,0,0,0,0,0,0,0,0,0,0,0,0,0,0,0,0,0,0,0,0,0,0,98,35,19,0,16,40,186,0,0,13,0,0,0,0,0,0,0,0,0,0,15,14,0,0,0,0,0,0,0,0,0,0,0,0,15,14,0,0,0,0,0,0,0,0,0,0,0,0,0,0,0,0,0,0,0,0,0,0,0,0,0,0,0,0,0,0,0,0,0,0,0,0,0,0,0,0,0,0,0,0,0,0
